id_atraque,fecha_atraque,fecha_salida,carga
266,2016-04-01 06:49:02,2016-04-17 01:04:02,astillero
419,2020-05-28 18:51:36,2020-06-08 02:18:36,astillero
28,2020-12-01 01:35:11,2020-12-06 11:46:11,astillero
100,2013-07-26 06:45:21,2013-08-05 04:55:56,carga
480,2017-07-02 12:13:41,2017-07-06 06:59:10,carga
166,2014-07-27 12:41:09,2014-08-11 14:05:09,astillero
866,2021-03-16 14:54:25,2021-03-31 05:47:25,astillero
14,2020-12-09 17:02:32,2020-12-27 07:58:32,astillero
239,2014-12-10 12:58:57,2014-12-14 11:09:57,astillero
362,2020-09-23 01:18:31,2020-09-23 19:24:42,carga
382,2014-08-15 08:57:26,2014-08-24 05:36:26,astillero
135,2011-07-03 03:35:09,2011-07-12 15:36:09,astillero
689,2012-03-02 00:30:27,2012-03-12 06:28:27,astillero
595,2015-07-20 13:37:42,2015-08-01 12:47:43,carga
797,2020-12-07 04:22:22,2020-12-28 08:09:22,astillero
253,2013-09-03 07:39:14,2013-09-06 22:12:14,astillero
617,2017-10-13 20:27:08,2017-10-26 14:29:08,astillero
538,2020-12-28 03:03:16,2020-12-28 20:11:02,carga
195,2017-02-10 14:47:09,2017-02-18 06:52:37,carga
465,2012-06-25 09:33:40,2012-06-30 00:13:33,carga
819,2018-12-25 22:12:53,2019-01-07 14:50:54,carga
82,2013-12-13 17:00:07,2013-12-29 15:40:07,astillero
162,2016-05-27 19:07:36,2016-06-11 07:53:36,astillero
71,2021-01-22 01:39:53,2021-01-29 21:58:53,astillero
168,2020-11-07 06:33:19,2020-11-16 17:56:19,astillero
302,2018-07-31 15:08:17,2018-08-13 09:30:44,carga
662,2010-10-30 22:46:07,2010-11-16 03:15:07,astillero
665,2015-06-27 16:59:57,2015-07-06 08:21:17,carga
779,2017-04-22 15:49:59,2017-05-01 16:42:59,astillero
648,2013-09-28 05:28:44,2013-10-08 01:55:15,carga
875,2013-07-24 00:33:44,2013-08-10 11:52:44,astillero
300,2017-04-16 11:20:17,2017-04-29 01:29:17,astillero
170,2020-11-04 12:02:39,2020-11-23 08:14:39,astillero
374,2020-10-20 06:32:42,2020-11-09 20:34:42,astillero
493,2015-09-24 16:59:59,2015-10-06 11:04:59,carga
380,2020-04-22 22:54:24,2020-05-05 18:14:58,carga
472,2016-11-04 07:30:13,2016-11-08 20:03:13,astillero
625,2015-11-23 14:07:02,2015-12-13 06:35:02,astillero
502,2011-10-31 10:57:26,2011-11-14 05:12:49,carga
185,2020-08-19 13:30:38,2020-08-26 10:06:38,astillero
622,2011-11-12 19:45:13,2011-11-17 01:17:13,astillero
181,2018-07-06 22:16:39,2018-07-13 13:45:18,carga
505,2017-07-12 23:19:30,2017-07-31 09:13:30,astillero
741,2021-06-09 18:51:26,2021-06-19 02:12:26,astillero
619,2010-05-11 13:05:31,2010-05-20 12:04:09,carga
287,2012-10-08 09:49:15,2012-10-27 09:56:15,astillero
697,2021-01-28 17:32:29,2021-02-06 13:23:17,carga
216,2016-03-22 13:59:32,2016-04-09 08:48:32,astillero
494,2010-05-25 00:27:38,2010-06-08 23:39:38,astillero
303,2021-03-13 17:25:18,2021-03-14 15:34:41,carga
613,2015-08-17 20:29:39,2015-09-06 23:19:39,astillero
762,2020-10-22 15:52:56,2020-11-08 17:37:56,astillero
38,2014-08-06 13:46:49,2014-08-20 11:11:52,carga
679,2018-02-13 21:11:18,2018-03-02 22:08:18,astillero
174,2015-05-26 20:38:50,2015-06-01 20:20:34,carga
319,2014-05-29 09:53:21,2014-06-07 07:58:21,astillero
325,2021-07-25 12:54:03,2021-07-26 06:06:08,carga
12,2018-02-28 07:06:16,2018-03-14 04:02:30,carga
398,2012-08-24 04:16:03,2012-08-31 13:10:03,astillero
644,2010-04-09 03:10:59,2010-04-25 15:47:59,astillero
55,2015-05-12 07:19:14,2015-05-24 21:23:14,astillero
522,2018-11-26 14:54:08,2018-11-30 13:58:58,carga
594,2021-05-09 14:12:03,2021-05-30 01:17:03,astillero
512,2016-02-10 09:20:01,2016-03-01 15:24:01,astillero
442,2011-09-12 10:10:14,2011-09-29 16:16:14,astillero
383,2013-02-25 09:16:08,2013-03-12 05:27:38,carga
74,2012-11-17 07:07:15,2012-12-06 14:35:15,astillero
417,2021-05-08 22:19:54,2021-05-15 16:18:52,carga
835,2012-01-30 17:41:19,2012-02-03 07:36:19,astillero
886,2021-07-08 01:12:54,2021-07-25 03:05:54,astillero
601,2011-04-22 05:55:21,2011-04-27 05:26:19,carga
138,2011-11-21 03:04:28,2011-11-27 02:57:04,carga
200,2021-07-08 06:01:34,2021-07-09 03:24:01,carga
207,2021-02-08 07:00:31,2021-02-16 05:32:31,astillero
157,2018-07-08 22:02:32,2018-07-27 22:06:32,astillero
605,2021-04-09 13:05:24,2021-04-15 06:34:24,astillero
532,2013-08-21 14:32:39,2013-09-12 00:30:39,astillero
464,2015-10-29 08:12:01,2015-11-07 22:15:19,carga
281,2017-11-11 02:39:34,2017-11-14 17:38:09,carga
317,2017-01-04 03:00:39,2017-01-09 02:31:36,carga
90,2012-05-30 15:32:39,2012-06-19 06:17:39,astillero
587,2017-04-18 18:54:27,2017-04-28 18:36:19,carga
664,2021-07-19 09:29:37,2021-07-31 19:11:37,astillero
446,2020-04-15 15:56:43,2020-05-03 00:12:43,astillero
663,2021-08-26 07:10:36,2021-09-04 02:03:42,carga
304,2020-12-08 08:15:25,2020-12-11 22:55:56,carga
829,2020-12-29 02:49:07,2021-01-05 07:40:07,astillero
189,2021-01-12 14:47:25,2021-01-13 08:54:34,carga
296,2018-06-24 22:50:11,2018-07-15 02:21:11,astillero
86,2017-03-04 04:19:10,2017-03-24 18:39:10,astillero
77,2017-01-25 03:34:12,2017-02-03 18:22:26,carga
229,2015-06-25 19:46:24,2015-07-01 17:34:24,astillero
407,2019-05-25 21:14:14,2019-06-14 01:30:14,astillero
242,2018-06-12 17:19:21,2018-06-16 12:14:21,astillero
841,2020-12-07 09:39:30,2020-12-20 06:31:59,carga
849,2020-12-02 17:01:05,2020-12-22 14:40:05,astillero
882,2021-02-02 03:02:08,2021-02-02 18:47:16,carga
885,2013-05-26 12:29:53,2013-05-31 20:47:53,astillero
772,2020-12-19 01:51:44,2020-12-19 18:13:05,carga
746,2020-11-11 15:25:27,2020-11-30 13:23:27,astillero
390,2013-08-18 23:22:03,2013-09-07 16:34:03,astillero
376,2018-10-21 09:11:29,2018-11-06 22:06:29,astillero
676,2020-01-27 12:15:10,2020-02-04 15:54:10,astillero
781,2015-05-19 04:47:56,2015-05-24 08:15:56,astillero
635,2016-02-24 06:52:22,2016-03-13 04:02:22,astillero
244,2013-06-18 20:23:35,2013-06-22 11:23:35,astillero
852,2021-01-08 17:15:02,2021-01-09 07:25:42,carga
501,2019-01-18 08:54:48,2019-01-26 22:53:48,astillero
630,2014-12-29 01:14:48,2015-01-07 09:01:48,astillero
435,2017-03-01 07:00:00,2017-03-06 00:06:48,carga
846,2014-10-06 07:07:24,2014-10-14 22:19:24,astillero
361,2017-06-25 06:43:17,2017-07-10 15:03:17,astillero
757,2021-06-13 22:33:59,2021-06-25 12:15:59,astillero
593,2013-09-07 07:45:44,2013-09-19 01:56:27,carga
631,2019-09-18 15:32:57,2019-10-01 19:23:57,astillero
261,2018-03-05 03:05:07,2018-03-10 11:41:07,astillero
321,2015-01-26 13:09:04,2015-02-09 20:33:04,astillero
448,2018-11-23 19:39:22,2018-11-30 14:59:08,carga
681,2018-07-12 02:12:58,2018-08-02 04:03:58,astillero
881,2011-08-25 20:48:53,2011-09-04 13:12:21,carga
784,2012-05-30 19:26:13,2012-06-11 08:41:13,astillero
892,2013-09-15 03:57:09,2013-10-05 04:10:09,astillero
372,2021-06-20 01:14:23,2021-06-26 15:35:53,carga
416,2015-05-28 14:19:48,2015-06-11 08:51:17,carga
812,2017-02-12 01:20:01,2017-02-26 18:42:12,carga
541,2014-11-23 06:01:31,2014-11-30 06:02:31,astillero
112,2021-09-02 15:02:20,2021-09-15 20:29:20,astillero
126,2019-11-25 23:29:58,2019-12-02 17:21:58,astillero
202,2010-06-02 12:56:51,2010-06-11 21:05:51,astillero
252,2011-07-06 16:33:06,2011-07-14 16:06:27,carga
556,2021-04-26 16:54:15,2021-05-05 00:18:15,astillero
857,2014-07-19 18:11:01,2014-08-06 09:06:01,astillero
231,2010-03-11 00:26:24,2010-03-29 12:02:24,astillero
395,2020-09-12 22:50:48,2020-09-13 21:40:55,carga
592,2010-05-19 14:17:18,2010-05-25 14:16:18,astillero
26,2017-08-09 02:19:41,2017-08-14 23:05:05,carga
753,2011-03-04 02:02:06,2011-03-19 21:08:06,astillero
337,2012-05-12 02:19:07,2012-05-15 11:53:07,astillero
444,2016-05-02 02:38:23,2016-05-07 14:59:23,astillero
461,2021-05-31 06:14:19,2021-06-14 10:02:19,astillero
699,2013-04-09 10:54:58,2013-04-23 10:10:16,carga
732,2021-07-08 05:07:37,2021-07-26 13:02:37,astillero
572,2013-10-22 00:39:10,2013-10-31 13:56:10,astillero
167,2011-06-29 08:38:14,2011-07-15 20:39:14,astillero
773,2011-09-05 08:06:36,2011-09-13 02:00:36,carga
548,2011-08-26 18:14:52,2011-08-30 18:03:17,carga
160,2021-06-13 13:10:02,2021-06-27 21:05:02,astillero
314,2015-08-03 08:03:41,2015-08-14 01:15:41,astillero
384,2021-04-29 23:04:01,2021-04-30 20:02:07,carga
430,2015-09-18 05:53:00,2015-09-21 23:00:25,carga
708,2019-04-03 05:34:34,2019-04-16 10:30:34,astillero
645,2020-05-11 05:56:41,2020-05-19 03:29:05,carga
854,2019-08-02 19:14:01,2019-08-20 00:58:01,astillero
573,2020-04-30 03:34:07,2020-05-06 07:26:07,astillero
359,2014-04-25 11:42:06,2014-05-03 07:14:14,carga
845,2011-05-11 11:56:12,2011-05-25 05:46:30,carga
294,2011-02-03 04:03:40,2011-02-13 01:37:34,carga
495,2021-05-04 06:11:53,2021-05-22 20:46:53,astillero
479,2020-08-11 01:14:38,2020-08-20 07:43:38,astillero
474,2011-06-20 11:03:39,2011-07-09 09:13:39,astillero
765,2015-05-06 03:50:50,2015-05-15 22:32:20,carga
250,2015-09-11 20:36:48,2015-09-26 17:41:48,astillero
677,2017-03-13 03:39:35,2017-03-18 20:50:04,carga
777,2011-02-25 02:10:31,2011-03-04 17:49:31,astillero
117,2021-06-17 22:08:12,2021-07-03 18:37:12,astillero
610,2012-09-08 21:18:11,2012-09-14 09:16:11,astillero
173,2014-02-04 23:00:16,2014-02-14 19:30:27,carga
142,2019-01-05 19:11:37,2019-01-14 17:43:37,astillero
720,2017-05-05 00:49:56,2017-05-16 15:40:46,carga
188,2021-01-18 22:09:01,2021-02-06 12:51:01,astillero
470,2016-09-27 19:23:17,2016-10-13 18:29:17,astillero
299,2010-12-08 13:49:10,2010-12-21 06:38:10,astillero
399,2011-06-26 21:11:00,2011-07-17 15:26:00,astillero
133,2013-08-12 00:41:31,2013-08-16 05:21:31,astillero
498,2012-07-14 20:14:06,2012-07-31 17:18:06,astillero
602,2017-11-26 06:22:33,2017-12-10 03:16:33,astillero
598,2020-06-26 02:36:49,2020-07-04 22:43:49,astillero
565,2021-07-30 18:34:41,2021-08-07 14:27:41,astillero
16,2012-04-04 09:16:24,2012-04-11 17:14:24,astillero
387,2016-12-25 01:04:05,2017-01-02 00:18:05,astillero
298,2017-04-23 18:57:02,2017-05-08 21:25:02,astillero
647,2017-08-16 00:48:00,2017-08-20 21:04:54,carga
61,2013-08-26 22:46:16,2013-09-11 01:54:16,astillero
326,2020-05-05 16:21:31,2020-05-09 13:47:05,carga
54,2020-09-01 18:29:23,2020-09-11 11:02:39,carga
467,2021-01-03 22:31:16,2021-01-24 10:31:16,astillero
702,2021-08-10 02:53:54,2021-08-30 18:33:54,astillero
706,2021-07-17 08:15:30,2021-07-17 22:25:31,carga
740,2021-07-08 22:43:04,2021-07-13 17:48:33,carga
235,2020-10-13 02:41:08,2020-10-13 23:41:42,carga
751,2021-01-15 16:42:00,2021-01-16 15:31:14,carga
774,2021-02-25 14:34:53,2021-03-13 07:11:53,astillero
887,2013-09-05 14:23:50,2013-09-24 07:21:50,astillero
3,2020-01-30 22:55:13,2020-02-05 08:58:13,astillero
455,2021-08-01 14:16:38,2021-08-02 07:30:03,carga
313,2020-11-20 00:46:32,2020-11-25 17:10:32,astillero
84,2016-04-21 05:46:57,2016-04-28 00:04:22,carga
674,2011-08-28 09:06:19,2011-09-06 03:18:10,carga
758,2018-07-29 23:05:46,2018-08-06 18:21:44,carga
60,2021-08-15 00:12:46,2021-08-20 17:51:46,astillero
520,2015-06-04 01:46:27,2015-06-17 20:53:05,carga
560,2012-08-06 21:51:16,2012-08-13 13:39:16,astillero
245,2020-10-01 15:08:05,2020-10-02 06:18:57,carga
437,2017-03-08 15:29:41,2017-03-22 05:49:56,carga
346,2021-04-13 16:19:39,2021-04-24 14:09:39,astillero
794,2014-06-08 12:23:31,2014-06-20 02:30:31,astillero
458,2013-12-16 01:14:47,2013-12-30 03:20:47,astillero
653,2020-09-28 00:55:22,2020-09-28 16:11:26,carga
831,2010-06-15 06:57:36,2010-07-06 10:56:36,astillero
85,2016-10-09 23:34:24,2016-10-26 11:46:24,astillero
709,2020-11-19 07:20:07,2020-11-20 06:03:40,carga
418,2021-02-02 23:54:12,2021-02-03 20:31:04,carga
147,2010-11-08 16:33:42,2010-11-15 06:05:42,astillero
224,2013-11-15 05:24:18,2013-11-28 00:22:08,carga
393,2021-02-14 15:48:52,2021-03-02 17:09:52,astillero
761,2018-09-23 11:20:23,2018-10-03 10:03:39,carga
798,2012-06-08 21:05:11,2012-06-26 04:26:11,astillero
119,2013-03-25 23:52:46,2013-04-02 16:17:46,astillero
684,2017-12-16 11:18:16,2017-12-31 15:16:16,astillero
258,2017-10-24 23:02:26,2017-11-13 13:25:26,astillero
413,2021-07-08 05:07:19,2021-07-08 21:20:26,carga
862,2020-11-28 20:50:03,2020-11-29 16:13:29,carga
441,2015-04-14 10:03:58,2015-04-25 10:09:58,astillero
415,2021-04-27 20:40:08,2021-04-28 17:01:25,carga
267,2021-01-18 01:11:17,2021-01-19 01:07:33,carga
669,2016-03-11 12:46:57,2016-03-28 19:30:57,astillero
272,2020-10-23 11:37:53,2020-11-08 14:52:53,astillero
32,2019-10-23 18:39:01,2019-11-02 09:44:20,carga
799,2021-04-06 00:21:38,2021-04-13 19:50:38,astillero
566,2011-01-12 02:41:31,2011-01-26 10:14:31,astillero
484,2014-06-10 14:11:17,2014-07-01 17:12:17,astillero
236,2021-07-04 20:42:59,2021-07-21 02:14:59,astillero
203,2019-05-20 20:38:51,2019-05-25 11:35:23,carga
101,2021-05-24 12:49:41,2021-06-12 04:13:41,astillero
283,2015-01-12 17:27:56,2015-01-25 09:18:14,carga
410,2021-01-15 06:04:58,2021-02-05 14:48:58,astillero
1,2018-04-20 06:06:35,2018-04-27 23:05:22,carga
562,2013-12-20 21:57:47,2014-01-02 21:51:38,carga
789,2016-12-29 17:00:50,2017-01-12 17:19:50,astillero
791,2021-05-17 14:57:22,2021-05-18 14:50:26,carga
51,2021-01-02 07:56:35,2021-01-14 13:22:35,astillero
143,2020-07-10 20:56:26,2020-07-18 03:33:26,astillero
107,2017-05-19 23:17:39,2017-06-01 19:31:24,carga
524,2021-01-15 09:06:19,2021-01-22 05:09:12,carga
385,2020-11-22 19:12:49,2020-11-23 13:01:20,carga
358,2021-05-25 21:38:22,2021-05-26 14:38:54,carga
485,2017-01-08 21:29:22,2017-01-20 12:26:03,carga
39,2011-06-04 05:02:34,2011-06-15 00:10:17,carga
650,2011-01-20 11:09:52,2011-02-08 10:52:52,astillero
440,2021-01-04 14:48:25,2021-01-09 12:21:48,carga
62,2019-01-31 10:28:50,2019-02-09 09:54:03,carga
391,2021-06-02 05:22:15,2021-06-21 00:18:15,astillero
132,2015-09-21 08:29:50,2015-09-25 13:44:50,astillero
13,2020-10-27 20:37:49,2020-10-28 11:03:15,carga
473,2019-07-13 21:16:24,2019-07-18 13:28:18,carga
6,2011-08-17 07:29:06,2011-08-31 22:37:39,carga
29,2020-07-27 09:06:46,2020-08-05 06:47:53,carga
94,2021-09-06 04:02:26,2021-09-20 18:08:36,carga
489,2020-12-29 23:57:01,2021-01-12 12:51:01,astillero
809,2012-05-24 13:19:47,2012-06-04 08:21:47,carga
833,2015-10-04 05:37:15,2015-10-14 04:12:50,carga
657,2014-11-06 13:03:28,2014-11-13 21:08:28,astillero
136,2021-01-11 15:52:07,2021-01-12 06:15:54,carga
739,2018-12-29 16:46:27,2019-01-03 05:31:27,astillero
481,2021-06-15 13:47:35,2021-06-16 06:22:30,carga
864,2021-04-03 01:49:47,2021-04-04 01:02:09,carga
675,2021-08-21 12:59:05,2021-08-25 23:54:05,astillero
335,2021-08-28 00:32:31,2021-09-01 11:16:31,astillero
268,2017-07-27 15:51:37,2017-07-31 10:23:40,carga
733,2021-02-01 08:37:44,2021-02-05 01:33:28,carga
311,2020-08-12 18:25:54,2020-08-18 16:17:37,carga
52,2020-10-30 00:12:52,2020-10-30 22:23:51,carga
128,2021-05-01 02:45:37,2021-05-13 19:34:14,carga
291,2019-12-31 23:27:42,2020-01-09 03:32:42,astillero
316,2011-12-29 14:40:54,2012-01-06 07:20:57,carga
63,2012-02-18 08:38:35,2012-02-29 03:03:56,carga
811,2019-04-29 01:13:30,2019-05-14 18:55:30,astillero
576,2021-01-17 18:19:22,2021-01-23 07:45:22,astillero
293,2013-07-14 16:38:30,2013-07-21 11:20:39,carga
301,2020-12-26 05:00:40,2021-01-12 21:05:40,astillero
333,2020-11-09 11:37:46,2020-11-10 09:54:44,carga
342,2014-04-26 19:41:22,2014-05-09 04:44:22,astillero
462,2012-07-16 10:05:09,2012-07-24 15:41:09,astillero
280,2014-06-06 11:02:55,2014-06-13 10:56:55,astillero
288,2014-11-28 14:41:08,2014-12-06 13:54:08,astillero
843,2013-10-22 04:52:19,2013-10-27 07:31:19,astillero
130,2012-11-04 10:40:41,2012-11-20 01:26:41,astillero
638,2020-04-07 23:21:02,2020-04-15 20:02:38,carga
714,2020-09-17 01:03:48,2020-09-28 17:36:59,carga
323,2012-07-04 22:56:10,2012-07-16 07:11:10,astillero
148,2012-01-13 07:29:40,2012-01-24 07:24:51,carga
728,2021-04-01 23:36:05,2021-04-07 13:54:05,astillero
824,2015-06-17 22:38:12,2015-06-25 15:51:56,carga
785,2011-08-05 13:39:31,2011-08-21 04:27:31,astillero
445,2015-02-27 13:35:47,2015-03-08 13:33:18,carga
422,2015-04-06 07:29:48,2015-04-23 10:28:48,astillero
596,2013-12-17 12:58:35,2013-12-29 03:36:19,carga
727,2013-04-11 07:27:40,2013-04-30 17:28:40,astillero
234,2012-03-05 16:44:00,2012-03-21 01:08:00,astillero
79,2019-07-31 22:56:09,2019-08-11 15:39:42,carga
403,2010-01-09 01:13:59,2010-01-18 15:43:36,carga
500,2021-07-03 19:08:51,2021-07-09 07:06:51,astillero
220,2020-03-18 10:24:46,2020-03-22 15:54:46,astillero
834,2021-08-24 16:17:28,2021-09-09 03:20:28,astillero
678,2011-03-16 06:25:08,2011-03-26 01:51:08,astillero
478,2016-09-11 08:02:27,2016-09-16 22:29:04,carga
459,2010-10-07 00:36:28,2010-10-10 22:57:26,carga
506,2013-01-21 13:04:41,2013-02-03 03:21:53,carga
449,2020-11-23 06:42:57,2020-12-11 15:27:57,astillero
616,2014-05-11 17:37:37,2014-05-22 14:14:04,carga
807,2014-05-03 12:10:48,2014-05-12 04:34:28,carga
423,2021-09-01 04:05:01,2021-09-13 12:20:01,astillero
269,2021-04-09 21:23:48,2021-04-14 13:13:42,carga
165,2021-06-10 07:00:54,2021-06-11 03:28:19,carga
690,2017-07-27 00:42:30,2017-08-05 09:42:30,astillero
329,2020-10-14 22:20:18,2020-10-26 18:43:58,carga
169,2020-09-21 07:31:18,2020-09-21 21:52:03,carga
542,2019-06-19 03:31:57,2019-06-30 05:01:57,astillero
404,2010-08-21 08:11:29,2010-09-07 22:50:29,astillero
432,2016-02-23 21:23:23,2016-02-27 11:24:23,astillero
670,2013-08-03 15:08:45,2013-08-07 13:42:00,carga
87,2010-03-19 23:07:33,2010-03-26 22:25:32,carga
696,2014-02-23 00:48:07,2014-03-01 07:07:07,astillero
149,2017-06-13 13:12:45,2017-06-17 10:01:53,carga
606,2020-04-22 09:49:54,2020-05-06 04:08:48,carga
705,2021-02-25 23:56:28,2021-02-26 14:39:24,carga
205,2021-05-13 18:57:35,2021-05-18 17:06:56,carga
608,2020-11-26 04:07:42,2020-12-11 05:01:42,astillero
274,2014-10-02 20:18:54,2014-10-21 15:18:54,astillero
549,2018-06-29 23:23:23,2018-07-15 17:17:23,astillero
683,2011-03-11 16:36:01,2011-03-21 07:21:29,carga
27,2019-05-26 15:25:22,2019-06-04 05:13:22,astillero
770,2021-04-02 16:19:54,2021-04-03 08:30:06,carga
818,2018-07-27 06:46:22,2018-08-06 23:44:11,carga
563,2021-03-25 15:58:10,2021-04-13 18:16:10,astillero
591,2015-07-19 03:35:15,2015-07-27 03:09:43,carga
297,2011-03-25 10:22:20,2011-03-28 22:50:20,astillero
786,2013-06-19 05:05:59,2013-07-06 23:09:59,astillero
795,2014-04-05 11:29:55,2014-04-13 05:55:55,astillero
91,2019-03-21 01:36:28,2019-03-29 03:35:28,astillero
262,2010-06-03 14:38:40,2010-06-22 02:17:40,astillero
131,2021-07-03 18:49:48,2021-07-04 18:01:32,carga
759,2020-07-27 04:01:36,2020-07-31 04:49:36,astillero
763,2020-12-03 11:38:45,2020-12-19 06:59:45,astillero
873,2014-03-22 19:05:39,2014-04-05 21:38:39,astillero
37,2012-06-09 03:12:41,2012-06-24 14:51:41,astillero
2,2013-02-27 18:30:10,2013-03-11 23:23:10,astillero
534,2010-08-25 13:51:37,2010-09-12 14:00:37,astillero
289,2010-12-22 18:00:49,2011-01-04 22:14:49,astillero
545,2021-06-29 02:41:47,2021-07-12 09:23:47,astillero
439,2016-08-09 04:23:49,2016-08-22 18:12:49,astillero
526,2021-02-19 17:51:04,2021-03-04 12:25:38,carga
89,2020-12-05 22:40:37,2020-12-10 18:58:37,astillero
553,2015-09-06 21:08:15,2015-09-15 22:48:15,astillero
806,2020-09-11 18:03:29,2020-09-12 12:04:52,carga
428,2016-05-21 00:39:16,2016-05-27 18:22:59,carga
338,2013-09-28 22:31:23,2013-10-08 18:23:43,carga
343,2020-11-13 02:05:05,2020-11-30 06:02:05,astillero
652,2010-11-01 03:48:44,2010-11-16 01:29:47,carga
868,2021-07-09 01:26:55,2021-07-14 19:52:55,astillero
847,2018-11-01 23:11:19,2018-11-11 02:10:19,astillero
731,2011-01-26 20:26:34,2011-02-01 00:12:34,astillero
673,2013-06-01 04:25:58,2013-06-14 06:30:58,astillero
351,2015-07-12 18:05:30,2015-07-17 06:03:30,astillero
93,2019-10-17 15:54:18,2019-10-26 12:41:41,carga
604,2017-02-06 03:00:12,2017-02-17 21:10:18,carga
628,2021-02-22 12:24:38,2021-03-06 14:51:38,astillero
856,2012-11-04 17:31:26,2012-11-10 08:10:26,astillero
154,2021-06-29 12:15:27,2021-07-18 01:29:27,astillero
466,2021-02-07 23:12:54,2021-02-08 22:11:50,carga
276,2021-06-04 11:29:28,2021-06-16 07:24:46,carga
282,2011-03-08 22:03:18,2011-03-19 17:02:22,carga
187,2021-02-23 05:12:12,2021-03-04 13:00:12,astillero
305,2020-06-16 23:27:55,2020-06-26 19:05:55,astillero
433,2012-07-30 02:18:21,2012-08-04 18:05:29,carga
516,2015-12-23 01:56:54,2015-12-27 03:31:54,astillero
793,2016-08-08 21:12:33,2016-08-28 00:06:33,astillero
191,2021-07-05 10:15:10,2021-07-06 06:26:23,carga
221,2019-11-11 14:41:34,2019-11-15 14:12:34,astillero
109,2017-07-27 19:51:48,2017-08-15 00:46:48,astillero
632,2011-05-01 11:59:02,2011-05-12 07:01:16,carga
890,2018-11-27 18:54:41,2018-12-09 10:29:06,carga
140,2015-05-20 15:15:45,2015-05-27 11:14:41,carga
243,2015-05-27 07:02:54,2015-06-12 21:37:54,astillero
36,2013-08-25 09:17:15,2013-09-08 14:18:15,astillero
178,2017-09-22 14:26:16,2017-09-25 23:27:16,astillero
182,2020-11-13 12:28:45,2020-12-04 19:14:45,astillero
31,2021-05-11 07:46:01,2021-05-21 02:54:41,carga
95,2010-11-06 16:28:52,2010-11-20 12:56:52,astillero
310,2014-09-23 15:51:10,2014-09-28 09:47:07,carga
406,2017-03-19 13:02:11,2017-03-26 16:52:11,astillero
278,2021-03-02 20:16:13,2021-03-03 13:42:59,carga
47,2016-04-21 08:32:12,2016-05-03 18:39:12,astillero
704,2014-02-10 16:41:30,2014-03-02 05:42:30,astillero
585,2021-05-04 20:03:46,2021-05-12 00:55:46,astillero
248,2017-08-02 17:21:11,2017-08-21 01:48:11,astillero
30,2011-12-10 04:14:38,2011-12-21 23:57:38,astillero
265,2012-05-14 11:21:05,2012-05-22 12:47:05,astillero
324,2015-09-26 17:21:30,2015-09-30 22:16:30,astillero
872,2021-02-24 21:31:19,2021-03-10 15:57:29,carga
49,2015-12-18 02:20:55,2016-01-06 11:41:55,astillero
217,2011-07-27 23:45:41,2011-08-01 22:19:41,astillero
409,2020-12-27 07:33:12,2021-01-02 22:36:36,carga
571,2014-09-23 08:59:28,2014-10-07 23:58:28,astillero
237,2020-02-09 14:53:37,2020-02-25 12:54:37,astillero
515,2018-03-03 02:52:08,2018-03-15 18:55:48,carga
122,2018-11-02 08:15:23,2018-11-19 04:46:23,astillero
851,2021-07-28 06:47:43,2021-07-28 21:35:19,carga
700,2019-09-14 22:39:09,2019-10-06 12:41:09,astillero
574,2021-08-26 05:11:04,2021-08-27 02:36:15,carga
137,2011-08-28 05:25:04,2011-09-04 18:10:04,astillero
251,2018-04-14 00:36:45,2018-04-18 02:12:45,astillero
331,2016-03-01 12:21:36,2016-03-13 02:31:15,carga
73,2021-05-23 12:26:50,2021-06-05 12:57:50,astillero
469,2021-02-25 14:41:12,2021-02-26 13:30:30,carga
490,2015-04-23 07:46:05,2015-05-03 07:07:39,carga
718,2010-10-15 06:52:13,2010-11-02 04:53:13,astillero
800,2021-06-02 13:07:11,2021-06-03 08:39:04,carga
756,2010-08-24 05:00:58,2010-09-10 00:30:58,astillero
23,2020-09-11 13:15:38,2020-09-22 07:26:05,carga
636,2019-09-05 14:26:48,2019-09-09 07:46:48,astillero
656,2020-05-06 04:15:58,2020-05-18 20:14:28,carga
194,2014-11-12 12:01:25,2014-11-24 04:51:12,carga
307,2021-02-17 11:29:21,2021-03-01 03:10:00,carga
874,2017-05-30 03:38:16,2017-06-12 18:38:29,carga
225,2012-11-11 01:48:27,2012-11-22 22:01:52,carga
25,2011-08-22 23:52:28,2011-09-01 20:14:47,carga
315,2012-08-27 04:08:27,2012-09-11 13:17:27,astillero
330,2017-11-13 10:30:03,2017-11-17 23:05:03,astillero
438,2013-01-26 10:02:34,2013-02-02 20:58:34,astillero
427,2020-09-21 06:54:51,2020-09-29 18:35:51,astillero
680,2016-03-05 14:04:19,2016-03-26 01:23:19,astillero
627,2012-05-16 20:10:25,2012-06-03 04:31:25,astillero
35,2010-06-14 12:17:28,2010-06-24 12:05:28,astillero
334,2021-01-28 11:27:56,2021-01-29 10:52:39,carga
355,2021-06-23 21:19:52,2021-06-24 20:59:58,carga
726,2011-06-17 14:16:00,2011-07-02 14:06:50,carga
580,2021-06-19 13:03:17,2021-06-29 11:17:07,carga
590,2014-12-05 05:31:35,2014-12-23 00:59:35,astillero
492,2021-02-22 18:18:32,2021-03-06 16:32:23,carga
341,2011-09-17 17:23:25,2011-09-22 19:35:25,astillero
609,2021-02-17 20:47:53,2021-03-07 14:12:53,astillero
620,2016-08-24 20:16:05,2016-09-07 14:11:17,carga
33,2019-03-04 01:49:48,2019-03-18 16:50:34,carga
589,2014-05-01 14:54:41,2014-05-06 07:09:38,carga
682,2021-08-14 23:55:17,2021-08-30 17:46:17,astillero
671,2021-04-30 19:32:56,2021-05-12 00:33:56,astillero
354,2020-04-07 03:41:53,2020-04-19 22:50:53,astillero
375,2019-08-03 19:37:23,2019-08-21 02:39:23,astillero
629,2020-10-05 00:09:48,2020-10-05 19:47:14,carga
713,2021-08-28 16:30:02,2021-09-02 10:04:02,astillero
633,2021-02-17 20:04:29,2021-02-18 15:17:13,carga
336,2019-02-24 09:17:44,2019-03-07 02:53:43,carga
327,2016-12-06 02:47:30,2016-12-17 17:24:30,astillero
386,2020-12-10 10:47:40,2020-12-17 10:29:40,astillero
570,2021-07-24 04:03:04,2021-07-24 23:01:57,carga
443,2015-10-07 03:27:49,2015-10-12 20:32:49,astillero
477,2021-08-05 21:51:28,2021-08-17 09:07:28,astillero
544,2021-03-11 01:03:58,2021-03-19 03:54:58,astillero
57,2015-09-16 11:19:53,2015-09-28 00:37:53,astillero
668,2016-05-31 20:40:27,2016-06-09 03:45:27,astillero
827,2021-04-30 02:43:38,2021-05-06 02:00:38,astillero
110,2021-06-06 17:52:09,2021-06-11 04:00:09,astillero
879,2019-03-07 01:50:08,2019-03-18 18:16:06,carga
209,2011-11-12 11:19:25,2011-11-23 18:08:25,astillero
848,2019-07-13 17:35:12,2019-07-24 11:49:01,carga
867,2020-08-06 07:17:14,2020-08-11 22:59:14,astillero
767,2015-09-08 19:02:14,2015-09-17 17:56:33,carga
454,2014-01-19 20:53:45,2014-02-08 07:22:45,astillero
509,2021-03-06 19:20:11,2021-03-26 02:47:11,astillero
98,2014-08-30 06:37:19,2014-09-16 06:50:19,astillero
206,2015-04-29 08:42:43,2015-05-04 18:25:43,astillero
830,2021-06-22 18:14:59,2021-06-23 12:34:44,carga
9,2013-04-29 06:37:44,2013-05-03 06:11:44,astillero
67,2021-01-13 17:40:56,2021-01-14 12:39:51,carga
340,2021-08-05 17:59:49,2021-08-06 13:20:29,carga
345,2013-03-02 01:30:23,2013-03-11 03:07:23,astillero
703,2017-02-21 11:24:57,2017-03-04 04:01:57,astillero
815,2018-10-08 01:43:35,2018-10-14 22:36:35,astillero
164,2020-11-25 00:18:10,2020-12-10 23:28:10,astillero
823,2021-05-05 05:11:36,2021-05-06 03:51:06,carga
56,2014-12-21 22:21:23,2014-12-31 05:23:23,astillero
543,2020-08-09 15:59:45,2020-08-26 18:36:45,astillero
621,2020-11-06 08:17:24,2020-11-23 17:18:24,astillero
600,2013-09-11 18:48:09,2013-09-17 17:07:38,carga
356,2011-03-10 20:16:32,2011-03-16 17:49:35,carga
223,2017-12-04 23:56:11,2017-12-20 10:51:11,astillero
104,2016-07-15 14:28:05,2016-07-30 06:53:05,astillero
78,2014-12-30 21:51:45,2015-01-06 13:48:45,astillero
192,2014-11-09 20:45:05,2014-11-20 08:00:05,astillero
369,2020-03-06 04:46:32,2020-03-24 18:45:32,astillero
378,2015-10-11 19:53:46,2015-10-31 20:54:46,astillero
121,2016-07-16 00:43:30,2016-07-22 20:19:47,carga
322,2014-02-12 18:11:13,2014-02-23 15:40:21,carga
53,2012-09-25 23:55:54,2012-10-02 14:09:47,carga
312,2010-02-09 11:36:53,2010-02-22 07:26:53,astillero
575,2010-06-05 04:01:28,2010-06-10 11:26:28,astillero
736,2011-07-31 23:05:51,2011-08-16 21:41:51,astillero
782,2019-08-16 20:05:07,2019-08-28 06:11:07,astillero
204,2020-12-26 16:37:46,2021-01-05 23:22:46,astillero
447,2021-08-18 22:09:18,2021-09-03 09:06:18,astillero
525,2019-12-09 12:15:40,2019-12-26 14:46:40,astillero
558,2013-04-15 10:58:13,2013-05-04 11:04:13,astillero
233,2018-02-17 12:50:16,2018-02-28 05:42:52,carga
692,2020-11-06 19:02:59,2020-11-16 15:28:59,astillero
688,2021-08-17 21:40:15,2021-09-06 22:09:15,astillero
745,2020-06-26 17:04:15,2020-07-11 13:40:16,carga
715,2010-03-17 21:01:08,2010-04-07 01:38:08,astillero
347,2019-05-11 10:25:59,2019-05-29 02:52:59,astillero
582,2012-10-18 12:00:00,2012-10-22 09:07:00,astillero
20,2019-03-22 09:04:08,2019-04-03 16:37:08,astillero
850,2020-11-09 07:12:28,2020-11-30 06:37:28,astillero
254,2020-08-11 10:04:04,2020-08-17 01:52:38,carga
888,2013-02-04 01:35:43,2013-02-10 12:19:43,astillero
118,2017-02-09 21:50:19,2017-02-24 21:46:47,carga
716,2020-11-14 09:17:09,2020-11-20 08:05:35,carga
711,2015-01-28 18:16:28,2015-02-12 08:26:28,astillero
7,2021-06-08 21:31:23,2021-06-29 05:57:23,astillero
533,2021-01-19 22:37:50,2021-01-20 21:38:04,carga
754,2020-06-30 15:19:36,2020-07-06 11:41:06,carga
486,2010-09-18 10:35:00,2010-10-06 22:06:00,astillero
659,2021-08-25 20:21:18,2021-08-26 12:47:30,carga
371,2018-04-08 17:00:41,2018-04-28 23:23:41,astillero
801,2021-05-26 21:00:42,2021-06-05 20:03:42,astillero
863,2010-11-10 06:32:49,2010-11-15 23:44:09,carga
776,2013-07-28 16:07:22,2013-08-14 07:56:22,astillero
666,2020-09-11 01:25:05,2020-09-29 14:01:05,astillero
755,2020-11-26 01:50:22,2020-12-12 00:43:22,astillero
8,2017-12-24 07:51:47,2018-01-04 02:06:45,carga
397,2012-10-29 09:13:42,2012-11-06 03:14:21,carga
69,2010-08-07 14:45:10,2010-08-20 17:00:10,astillero
158,2021-06-24 13:09:23,2021-07-08 07:34:23,astillero
228,2011-11-29 07:23:58,2011-12-05 13:30:58,astillero
215,2020-11-23 03:14:28,2020-11-24 03:02:28,carga
611,2013-11-10 08:06:04,2013-11-23 19:51:04,astillero
626,2020-12-12 06:05:23,2020-12-12 21:50:43,carga
624,2011-11-11 12:25:48,2011-11-20 12:34:48,astillero
531,2021-01-23 00:00:51,2021-01-23 15:03:58,carga
701,2021-07-04 22:26:56,2021-07-23 13:07:56,astillero
744,2017-01-17 23:35:43,2017-01-21 19:35:34,carga
255,2020-11-27 02:42:01,2020-11-30 19:21:56,carga
263,2013-10-02 23:29:26,2013-10-11 14:24:05,carga
401,2020-12-05 09:06:20,2020-12-06 05:04:02,carga
660,2018-05-09 13:00:52,2018-05-17 06:18:52,astillero
583,2016-03-26 03:50:07,2016-04-16 04:45:07,astillero
159,2020-03-10 11:36:11,2020-03-13 17:44:11,astillero
734,2016-09-14 19:32:09,2016-09-22 06:49:09,astillero
832,2014-06-14 17:59:20,2014-06-20 09:29:04,carga
309,2016-10-04 08:50:56,2016-10-13 08:24:52,carga
752,2011-03-03 21:17:50,2011-03-16 16:46:50,astillero
48,2021-05-06 16:28:39,2021-05-22 14:33:39,astillero
529,2011-04-17 10:58:50,2011-04-22 03:31:00,carga
471,2020-08-08 21:15:16,2020-08-22 08:44:16,astillero
176,2021-04-20 14:54:53,2021-05-04 23:18:53,astillero
295,2021-05-13 09:06:10,2021-05-26 10:03:10,astillero
414,2019-10-19 21:50:09,2019-10-25 01:28:09,astillero
607,2017-09-27 04:33:41,2017-10-04 18:37:17,carga
581,2020-11-24 06:26:55,2020-11-30 07:31:55,astillero
81,2021-02-04 12:12:33,2021-02-05 11:25:59,carga
161,2013-02-02 03:29:01,2013-02-09 17:50:01,astillero
436,2015-12-28 14:26:52,2016-01-08 13:48:50,carga
15,2017-06-17 12:12:29,2017-06-22 03:02:33,carga
425,2015-12-30 21:05:41,2016-01-19 23:02:41,astillero
249,2021-06-07 14:27:48,2021-06-08 05:51:34,carga
125,2021-01-09 04:49:05,2021-01-15 04:23:52,carga
373,2017-04-07 19:58:33,2017-04-21 13:04:33,astillero
396,2012-02-28 00:06:12,2012-03-11 13:10:12,astillero
687,2018-12-17 08:24:34,2018-12-21 17:39:34,astillero
796,2021-05-18 14:56:49,2021-05-19 13:51:15,carga
884,2021-07-22 17:00:32,2021-08-08 06:00:32,astillero
816,2013-03-09 14:02:05,2013-03-16 09:55:05,astillero
240,2018-09-08 22:43:03,2018-09-16 14:26:47,carga
40,2017-01-24 07:16:18,2017-01-29 19:12:18,astillero
858,2012-07-19 01:41:47,2012-08-02 16:09:23,carga
707,2020-09-20 07:06:13,2020-10-01 04:33:13,astillero
749,2010-12-31 13:06:02,2011-01-07 06:01:22,carga
883,2016-12-23 15:19:51,2017-01-08 16:31:51,astillero
402,2019-06-29 01:19:19,2019-07-03 22:14:52,carga
127,2020-12-08 06:17:17,2020-12-09 05:22:08,carga
153,2021-08-07 07:28:27,2021-08-19 07:30:27,astillero
370,2015-01-26 01:46:05,2015-02-13 22:34:05,astillero
599,2010-10-23 14:44:06,2010-11-04 12:56:06,astillero
504,2021-08-05 12:11:54,2021-08-06 03:51:22,carga
738,2018-01-31 08:22:56,2018-02-14 03:53:56,astillero
141,2018-12-22 18:00:59,2018-12-27 18:30:59,astillero
584,2011-02-10 06:02:24,2011-02-18 22:17:41,carga
637,2021-04-10 01:14:24,2021-04-25 00:38:24,astillero
640,2017-04-11 01:34:11,2017-04-27 07:05:11,astillero
487,2020-07-21 11:03:19,2020-08-01 15:24:19,astillero
513,2016-03-29 19:55:29,2016-04-08 13:08:10,carga
655,2021-08-30 23:05:53,2021-08-31 15:47:15,carga
814,2017-03-02 11:32:05,2017-03-06 18:48:05,astillero
344,2021-02-21 04:52:26,2021-02-21 23:35:09,carga
463,2016-08-25 04:30:33,2016-09-10 05:09:33,astillero
105,2017-02-14 21:56:27,2017-02-26 19:31:51,carga
367,2020-12-17 00:12:33,2020-12-17 16:09:58,carga
275,2021-04-28 06:52:45,2021-04-29 01:47:30,carga
45,2016-06-30 04:02:02,2016-07-16 09:49:02,astillero
201,2021-02-14 12:26:47,2021-03-07 06:52:47,astillero
527,2020-07-07 23:20:25,2020-07-24 22:10:25,astillero
273,2021-06-25 07:28:16,2021-07-09 04:06:16,astillero
557,2019-02-23 05:21:21,2019-03-08 02:08:21,astillero
285,2021-06-02 15:20:26,2021-06-03 11:29:20,carga
719,2010-12-17 02:19:14,2010-12-29 12:58:14,astillero
766,2017-05-19 22:40:51,2017-06-08 19:16:51,astillero
260,2016-08-21 06:55:26,2016-09-10 11:45:26,astillero
588,2021-01-24 00:13:22,2021-01-24 20:28:29,carga
792,2019-12-21 22:50:57,2020-01-09 08:43:57,astillero
308,2013-02-28 03:50:49,2013-03-13 21:55:37,carga
264,2017-07-12 08:34:35,2017-07-16 07:10:27,carga
152,2018-01-24 22:50:57,2018-02-08 18:10:36,carga
150,2021-08-31 15:11:51,2021-09-01 12:10:36,carga
238,2021-05-30 22:59:28,2021-06-16 11:04:28,astillero
539,2010-12-08 00:11:01,2010-12-21 14:10:01,astillero
805,2021-04-11 16:01:26,2021-04-19 20:22:26,astillero
658,2019-06-02 04:32:37,2019-06-12 00:19:37,astillero
247,2013-08-22 02:07:11,2013-09-03 06:38:11,astillero
44,2020-10-17 04:13:53,2020-10-17 21:39:29,carga
507,2021-06-03 11:35:38,2021-06-04 09:14:03,carga
41,2016-04-14 22:11:07,2016-04-28 16:05:07,astillero
597,2020-12-09 08:00:33,2020-12-13 17:30:33,astillero
139,2021-04-07 10:04:16,2021-04-22 02:50:58,carga
155,2021-03-19 17:04:57,2021-03-26 05:35:57,astillero
270,2019-04-02 05:26:23,2019-04-08 04:19:00,carga
226,2016-08-20 23:18:56,2016-09-05 00:49:56,astillero
561,2018-07-24 08:43:11,2018-08-01 03:42:11,astillero
179,2016-10-21 01:38:25,2016-10-29 05:45:25,astillero
521,2015-01-19 15:00:21,2015-02-01 22:15:21,astillero
134,2020-10-16 09:14:59,2020-10-25 06:14:59,astillero
643,2021-07-07 04:10:59,2021-07-24 07:45:59,astillero
111,2012-06-27 21:55:54,2012-07-06 17:06:54,astillero
92,2011-07-26 01:14:18,2011-08-06 15:46:18,astillero
564,2019-10-17 02:59:45,2019-10-24 17:56:56,carga
400,2012-09-11 23:28:05,2012-09-26 12:39:05,astillero
256,2020-11-01 17:45:43,2020-11-10 14:46:43,astillero
451,2018-07-02 04:55:43,2018-07-20 01:08:43,astillero
530,2021-05-05 00:39:03,2021-05-05 19:48:37,carga
537,2020-10-09 02:10:14,2020-10-20 23:33:13,carga
528,2020-10-01 05:45:37,2020-10-02 04:07:07,carga
34,2018-09-27 03:47:38,2018-10-11 05:24:38,astillero
156,2013-07-29 17:08:33,2013-08-12 14:10:33,astillero
838,2012-02-01 16:00:51,2012-02-08 13:07:44,carga
214,2014-01-04 23:22:27,2014-01-21 23:52:27,astillero
284,2021-06-11 09:49:42,2021-06-19 01:05:42,astillero
108,2020-08-07 04:30:03,2020-08-15 09:28:03,astillero
787,2013-01-11 15:15:49,2013-01-18 08:24:13,carga
364,2017-11-28 08:44:18,2017-12-06 00:22:18,astillero
840,2018-07-01 13:26:15,2018-07-16 18:56:15,astillero
651,2014-10-18 16:28:55,2014-10-25 14:37:30,carga
19,2020-11-25 00:28:10,2020-11-25 15:33:55,carga
332,2021-08-07 02:44:03,2021-08-07 18:37:12,carga
46,2021-02-15 14:59:49,2021-03-05 23:17:49,astillero
646,2017-02-07 07:58:45,2017-02-22 14:53:45,astillero
190,2016-04-27 13:08:05,2016-05-05 09:28:05,astillero
175,2015-12-28 22:11:40,2016-01-07 17:22:44,carga
227,2015-04-13 02:06:49,2015-04-25 20:44:18,carga
780,2019-01-01 02:45:04,2019-01-14 13:45:04,astillero
318,2021-06-19 08:18:04,2021-06-20 02:01:29,carga
698,2015-11-27 17:22:07,2015-12-03 09:04:13,carga
124,2018-01-09 09:07:53,2018-01-15 08:01:53,astillero
710,2011-11-26 15:57:21,2011-12-06 12:28:21,astillero
750,2012-11-27 02:59:57,2012-12-03 17:42:50,carga
116,2012-03-23 16:16:53,2012-03-30 13:58:53,astillero
836,2020-10-25 01:00:16,2020-10-25 20:15:26,carga
654,2020-12-26 01:41:59,2020-12-27 00:14:32,carga
878,2010-09-14 12:54:33,2010-09-29 06:00:04,carga
123,2013-01-12 10:08:13,2013-01-29 15:35:13,astillero
172,2011-03-06 16:50:45,2011-03-24 10:39:45,astillero
232,2015-08-09 18:41:46,2015-08-22 06:33:46,astillero
59,2019-09-05 03:05:51,2019-09-16 19:56:51,astillero
771,2021-02-05 13:21:00,2021-02-09 21:46:00,astillero
151,2021-01-21 15:59:22,2021-02-05 03:51:22,astillero
146,2021-04-05 12:45:43,2021-04-22 00:04:43,astillero
365,2020-12-01 10:03:20,2020-12-20 04:46:20,astillero
171,2017-03-21 21:44:15,2017-03-27 14:40:15,astillero
775,2010-01-30 00:47:35,2010-02-07 15:15:26,carga
615,2012-11-05 09:18:59,2012-11-16 17:55:59,astillero
865,2015-01-15 19:06:23,2015-01-20 17:46:23,astillero
672,2013-08-08 13:53:47,2013-08-29 02:47:47,astillero
405,2020-03-28 09:51:46,2020-04-07 00:22:20,carga
603,2016-04-01 21:51:51,2016-04-08 14:44:51,astillero
722,2012-01-07 22:59:27,2012-01-18 18:10:27,astillero
88,2011-07-18 13:18:04,2011-07-29 15:49:04,astillero
377,2020-11-19 01:15:38,2020-12-06 08:27:38,astillero
586,2016-10-05 00:28:21,2016-10-14 21:06:21,astillero
421,2011-10-08 14:25:18,2011-10-13 10:51:18,astillero
523,2021-02-09 08:03:13,2021-02-21 00:07:13,astillero
339,2020-11-11 00:02:58,2020-11-29 06:50:58,astillero
429,2016-09-12 16:32:55,2016-09-19 16:32:35,carga
804,2021-06-30 03:51:12,2021-06-30 18:09:34,carga
742,2019-07-17 10:34:52,2019-07-22 18:56:52,astillero
211,2021-07-20 08:58:56,2021-08-10 08:38:56,astillero
357,2020-11-18 00:28:16,2020-11-21 08:48:16,astillero
788,2021-07-18 21:21:36,2021-07-28 09:03:36,astillero
820,2012-12-20 23:03:27,2012-12-27 13:20:27,astillero
891,2015-04-14 00:14:04,2015-04-26 23:11:04,astillero
64,2015-01-11 15:16:01,2015-01-18 07:16:01,astillero
768,2017-03-20 18:08:51,2017-04-08 12:17:51,astillero
279,2020-10-16 15:36:57,2020-10-25 14:04:57,astillero
821,2017-08-05 05:38:57,2017-08-26 05:46:57,astillero
712,2021-09-04 00:12:14,2021-09-10 11:52:14,astillero
871,2017-12-07 06:39:23,2017-12-19 23:14:29,carga
241,2021-01-16 12:18:04,2021-01-17 06:44:22,carga
80,2010-09-22 06:16:17,2010-09-30 22:59:32,carga
42,2021-07-28 00:31:39,2021-08-11 10:40:39,astillero
58,2021-07-16 11:32:07,2021-07-31 15:35:07,astillero
499,2010-08-12 00:43:27,2010-08-16 05:52:27,astillero
198,2021-06-17 01:52:24,2021-06-17 22:20:20,carga
717,2011-11-01 03:22:38,2011-11-13 01:05:38,astillero
667,2020-11-20 22:55:06,2020-11-21 21:16:40,carga
778,2020-07-31 19:48:10,2020-08-11 10:56:10,astillero
353,2021-06-06 01:54:17,2021-06-07 01:28:49,carga
352,2014-05-16 20:12:27,2014-05-28 13:54:04,carga
510,2020-11-04 00:38:49,2020-11-17 14:51:11,carga
424,2014-03-25 04:24:54,2014-04-05 03:03:51,carga
569,2021-08-14 16:50:42,2021-08-29 14:27:51,carga
724,2013-03-31 22:13:10,2013-04-15 15:18:40,carga
434,2021-02-13 04:02:15,2021-02-13 21:33:33,carga
551,2010-01-03 23:27:10,2010-01-18 18:26:10,astillero
453,2020-10-11 07:01:08,2020-10-29 01:38:08,astillero
614,2021-05-02 20:43:18,2021-05-03 13:37:06,carga
193,2011-08-08 03:47:36,2011-08-14 06:51:36,astillero
661,2019-06-25 07:43:17,2019-07-08 01:38:10,carga
730,2020-12-10 02:59:10,2020-12-10 18:23:32,carga
735,2021-07-07 12:44:23,2021-07-12 03:03:23,astillero
66,2020-12-16 02:56:08,2020-12-21 04:41:08,astillero
363,2020-10-29 20:57:11,2020-10-30 16:30:47,carga
457,2021-02-03 15:23:39,2021-02-13 05:24:39,astillero
555,2021-02-26 11:20:21,2021-03-09 19:44:21,astillero
842,2014-03-13 17:17:39,2014-04-01 02:00:39,astillero
877,2019-04-11 20:43:12,2019-04-20 17:52:59,carga
456,2020-12-02 16:55:30,2020-12-13 21:10:30,astillero
518,2016-11-05 12:29:57,2016-11-09 14:04:57,astillero
199,2011-11-13 17:48:15,2011-11-26 02:17:15,astillero
208,2012-06-21 03:27:59,2012-06-27 19:57:49,carga
452,2017-09-22 14:40:13,2017-09-27 14:48:13,astillero
10,2018-08-11 07:41:45,2018-08-20 00:34:45,astillero
219,2011-01-09 02:43:25,2011-01-17 15:53:25,astillero
803,2019-12-27 20:24:43,2020-01-07 09:01:43,astillero
408,2020-11-24 19:10:49,2020-11-25 15:58:43,carga
769,2014-08-07 16:57:10,2014-08-20 15:06:10,astillero
76,2019-03-16 21:55:49,2019-03-28 20:58:50,carga
381,2014-03-25 17:46:04,2014-04-05 13:08:04,astillero
844,2017-08-25 02:24:02,2017-09-07 06:24:02,astillero
860,2017-08-13 05:59:37,2017-09-01 07:09:37,astillero
230,2014-10-19 08:06:22,2014-10-28 07:34:07,carga
292,2017-11-21 06:50:06,2017-12-03 06:32:09,carga
695,2015-12-11 19:23:14,2015-12-28 18:10:14,astillero
460,2021-01-05 07:58:19,2021-01-10 11:43:19,astillero
320,2010-09-16 12:32:35,2010-09-25 06:48:46,carga
723,2010-10-10 09:18:56,2010-10-14 07:40:56,astillero
426,2016-03-11 23:23:05,2016-03-24 16:11:05,astillero
210,2020-02-26 05:46:15,2020-03-11 03:03:15,astillero
853,2020-11-18 13:16:56,2020-11-22 08:42:18,carga
612,2020-10-05 12:48:12,2020-10-06 03:54:46,carga
694,2017-02-15 15:26:49,2017-03-01 09:26:49,astillero
246,2012-04-03 07:33:44,2012-04-22 22:59:44,astillero
476,2014-04-08 19:59:34,2014-04-18 18:32:34,astillero
83,2014-07-05 02:56:31,2014-07-21 23:28:31,astillero
503,2021-03-09 19:08:47,2021-03-25 15:00:47,astillero
519,2021-08-05 03:38:20,2021-08-11 05:17:20,astillero
623,2020-02-15 02:39:38,2020-03-06 00:46:38,astillero
693,2020-04-09 10:55:59,2020-04-29 22:44:59,astillero
810,2014-07-01 08:53:57,2014-07-11 21:45:57,astillero
649,2021-02-05 06:36:21,2021-02-18 20:59:01,carga
420,2014-05-01 01:12:30,2014-05-10 13:52:30,astillero
197,2013-08-21 00:14:12,2013-09-05 07:55:12,astillero
870,2017-06-05 17:58:59,2017-06-20 03:33:59,astillero
18,2021-01-15 03:33:43,2021-01-15 20:51:43,carga
641,2014-06-04 23:01:19,2014-06-13 22:03:30,carga
743,2013-06-10 02:55:51,2013-06-24 23:23:40,carga
144,2015-04-12 01:49:38,2015-04-24 18:12:55,carga
790,2010-12-15 19:17:21,2010-12-24 04:02:21,astillero
783,2020-12-10 21:07:04,2020-12-27 22:12:04,astillero
196,2012-08-11 18:46:13,2012-08-26 07:33:13,astillero
349,2012-08-16 13:42:32,2012-08-31 06:24:32,astillero
554,2012-05-24 05:36:01,2012-06-04 17:44:01,astillero
328,2020-09-21 04:29:46,2020-10-10 21:19:46,astillero
748,2010-11-16 20:32:30,2010-11-30 02:26:30,astillero
72,2021-06-19 05:17:54,2021-06-20 03:58:24,carga
350,2021-06-11 16:25:26,2021-06-12 09:10:43,carga
546,2011-01-23 13:47:57,2011-01-28 13:14:57,astillero
579,2012-02-16 08:38:47,2012-02-25 03:02:41,carga
567,2021-04-27 22:15:53,2021-05-08 20:12:13,carga
578,2021-02-15 06:04:06,2021-03-06 19:00:06,astillero
65,2017-09-27 05:08:30,2017-10-11 10:00:30,astillero
102,2012-12-08 00:07:00,2012-12-12 05:31:00,astillero
764,2011-03-22 06:00:07,2011-04-09 07:47:07,astillero
634,2015-04-18 04:40:22,2015-05-01 04:36:05,carga
642,2016-02-17 05:29:33,2016-02-21 07:16:33,astillero
186,2013-06-18 07:54:37,2013-06-28 23:27:05,carga
488,2015-11-01 09:12:02,2015-11-14 11:24:02,astillero
837,2014-12-27 01:19:40,2015-01-11 06:45:40,astillero
43,2019-03-29 03:34:06,2019-04-06 04:56:06,astillero
559,2011-03-03 00:23:24,2011-03-22 04:16:24,astillero
808,2017-03-08 17:47:08,2017-03-23 08:45:08,astillero
180,2010-05-11 22:19:11,2010-05-30 03:23:11,astillero
721,2020-12-31 07:41:33,2021-01-04 09:16:33,astillero
826,2010-12-17 10:28:04,2010-12-25 13:55:04,astillero
552,2018-09-11 17:56:52,2018-09-20 17:02:52,astillero
825,2013-10-17 17:36:32,2013-10-24 12:36:32,astillero
5,2019-05-20 15:02:21,2019-06-07 05:08:21,astillero
96,2016-12-25 05:03:19,2017-01-09 03:15:19,carga
618,2011-03-24 13:15:12,2011-04-07 23:03:12,astillero
271,2017-08-04 08:48:24,2017-08-23 00:21:24,astillero
22,2020-04-11 20:34:46,2020-04-18 14:55:23,carga
491,2017-01-09 05:21:41,2017-01-22 08:57:41,astillero
685,2012-05-28 04:12:50,2012-05-31 22:35:50,astillero
876,2021-08-16 23:53:29,2021-08-28 17:29:51,carga
855,2019-01-17 08:45:59,2019-02-01 18:39:59,astillero
348,2021-06-24 03:33:47,2021-06-27 09:41:47,astillero
184,2020-10-19 02:27:55,2020-10-30 08:45:55,astillero
412,2020-01-29 11:13:33,2020-02-06 21:56:33,astillero
450,2016-03-12 01:58:28,2016-03-26 18:55:28,astillero
839,2016-03-27 11:33:13,2016-04-03 07:04:38,carga
21,2020-09-17 02:48:54,2020-09-27 19:13:59,carga
517,2016-08-20 18:23:25,2016-09-07 03:46:25,astillero
218,2021-05-14 15:32:18,2021-05-22 22:41:18,astillero
550,2020-09-14 05:30:30,2020-09-27 01:32:29,carga
686,2018-10-26 15:00:03,2018-11-06 21:13:03,astillero
737,2013-05-02 02:30:12,2013-05-16 19:22:12,astillero
114,2019-02-19 02:14:08,2019-03-03 01:19:42,carga
11,2019-06-29 02:45:33,2019-07-04 19:21:17,carga
508,2010-09-08 03:27:04,2010-09-27 01:04:04,astillero
496,2017-12-16 16:16:17,2017-12-28 16:04:17,astillero
106,2021-04-04 03:18:17,2021-04-17 09:32:17,astillero
75,2017-10-15 06:29:50,2017-10-23 20:27:50,astillero
639,2020-01-03 05:20:39,2020-01-12 21:10:53,carga
813,2013-09-15 21:11:56,2013-09-24 19:23:56,astillero
889,2016-02-11 09:24:29,2016-02-24 05:19:45,carga
388,2015-07-05 16:29:02,2015-07-15 15:22:35,carga
540,2013-08-09 04:34:15,2013-08-22 03:03:00,carga
747,2014-10-27 04:15:48,2014-11-09 00:46:48,astillero
213,2012-06-27 15:20:50,2012-07-06 20:50:50,astillero
468,2021-03-11 23:51:30,2021-03-24 15:17:30,astillero
394,2019-02-25 02:17:31,2019-03-11 16:59:31,astillero
129,2021-07-28 01:06:27,2021-08-08 18:10:27,astillero
222,2016-11-14 03:19:27,2016-11-22 16:53:27,astillero
212,2013-10-27 18:19:08,2013-11-01 14:56:51,carga
99,2012-09-04 22:48:17,2012-09-21 04:27:17,astillero
366,2020-09-11 23:06:48,2020-09-25 17:11:58,carga
729,2015-08-13 13:42:43,2015-08-17 07:42:43,astillero
379,2021-02-09 13:00:47,2021-02-10 12:03:18,carga
17,2021-07-22 07:14:50,2021-07-23 06:38:09,carga
475,2021-02-22 17:46:54,2021-03-09 13:58:27,carga
483,2021-07-26 04:38:05,2021-08-05 09:24:05,astillero
103,2014-03-21 04:58:39,2014-04-08 20:17:39,astillero
360,2019-04-21 23:47:33,2019-05-08 14:43:33,astillero
115,2021-01-03 19:07:54,2021-01-20 12:11:54,astillero
50,2012-07-26 01:54:43,2012-08-12 01:03:43,astillero
68,2021-04-01 00:09:50,2021-04-01 20:48:52,carga
70,2013-09-21 01:34:37,2013-10-07 04:43:37,astillero
113,2014-06-28 20:35:40,2014-07-08 04:39:40,astillero
257,2010-09-01 06:59:50,2010-09-07 23:05:28,carga
760,2016-04-27 13:11:29,2016-05-03 09:37:31,carga
859,2020-07-15 03:32:51,2020-07-24 18:25:05,carga
392,2021-01-26 17:30:16,2021-01-30 10:07:16,astillero
869,2020-09-17 20:34:36,2020-10-06 22:08:36,astillero
802,2018-10-11 04:54:28,2018-10-14 22:34:28,astillero
547,2020-04-16 07:11:33,2020-04-29 00:03:01,carga
259,2020-10-21 05:15:48,2020-11-01 10:23:48,astillero
145,2015-08-22 18:46:19,2015-08-27 10:56:41,carga
725,2020-12-09 13:19:00,2020-12-30 06:37:00,astillero
120,2021-02-20 12:14:48,2021-03-09 08:25:48,astillero
306,2020-10-11 18:15:20,2020-10-30 09:17:20,astillero
511,2021-04-19 19:44:31,2021-05-05 19:54:31,astillero
177,2020-09-14 12:17:58,2020-09-26 07:08:58,astillero
482,2020-12-01 22:58:35,2020-12-02 20:07:47,carga
97,2020-11-12 17:07:56,2020-11-13 09:40:38,carga
514,2015-07-17 08:56:51,2015-07-30 18:46:51,astillero
822,2020-10-17 21:47:40,2020-10-25 11:37:40,astillero
4,2015-05-06 12:46:36,2015-05-10 11:47:27,carga
24,2017-12-12 00:17:28,2017-12-23 20:47:28,astillero
368,2019-06-24 20:18:16,2019-06-28 09:55:16,astillero
389,2021-06-04 09:18:23,2021-06-05 00:53:17,carga
536,2014-11-18 00:27:58,2014-12-07 10:24:58,astillero
431,2012-05-06 10:41:34,2012-05-16 15:00:34,astillero
163,2020-09-24 10:14:01,2020-09-28 10:08:02,carga
535,2021-06-09 09:03:33,2021-06-10 03:39:21,carga
828,2016-08-17 06:32:12,2016-08-24 15:25:12,astillero
286,2020-04-01 06:20:10,2020-04-16 10:16:10,astillero
880,2015-06-16 13:31:45,2015-06-28 11:07:19,carga
277,2014-08-04 06:30:06,2014-08-12 22:29:25,carga
290,2016-05-14 02:14:56,2016-05-23 19:32:58,carga
577,2017-03-12 03:05:10,2017-03-19 14:51:10,astillero
861,2021-04-07 19:57:46,2021-04-19 19:15:46,astillero
411,2019-07-25 20:22:49,2019-08-03 17:35:20,carga
817,2020-11-21 03:49:49,2020-12-11 04:22:49,astillero
568,2020-12-22 09:41:26,2020-12-22 23:45:29,carga
497,2021-05-28 02:51:06,2021-06-07 17:10:52,carga
183,2021-02-25 23:34:30,2021-03-17 08:17:30,astillero
691,2010-08-24 15:22:43,2010-08-31 07:52:43,astillero
